target,coverage_outside_90pct_actual,coverage_outside_90pct_theory,coverage_outside_80pct_actual,coverage_outside_80pct_theory,coverage_outside_50pct_actual,coverage_outside_50pct_theory
eua_return,0.07901234567901234,0.1,0.17530864197530865,0.2,0.5037037037037037,0.5
msci_energy_return,0.06666666666666667,0.1,0.18518518518518517,0.2,0.5358024691358024,0.5
msci_materials_return,0.12098765432098765,0.1,0.254320987654321,0.2,0.5728395061728395,0.5
